Total,Status,Hosts,Date,,,,
20,successful,12,11/22/2021 19:42,,,,
20,failed,8,11/22/2021 19:42,,,,
8,successful,7,11/23/2021 20:42,,,,
8,failed,1,11/23/2021 20:42,,,,
12,successful,10,11/24/2021 20:23,,,,
12,failed,2,11/24/2021 20:23,,,,
10,successful,3,11/25/2021 8:23,,,,
10,failed,7,11/25/2021 8:23,,,,
8,successful,8,11/26/2021 8:23,,,,
8,failed,0,11/26/2021 8:23,,,,
10,successful,10,11/27/2021 7:42,,,,
10,failed,0,11/27/2021 7:42,,,,
8,successful,5,11/27/2021 17:43,,,,
8,failed,3,11/27/2021 17:43,,,,
8,successful,8,11/28/2021 19:42,,,,
8,failed,0,11/28/2021 19:42,,,,
8,successful,8,11/28/2021 21:36,,,,
8,failed,0,11/28/2021 21:36,,,,
8,successful,6,11/28/2021 22:42,,,,
8,failed,2,11/28/2021 22:42,,,,
8,successful,6,11/28/2021 23:32,,,,
8,failed,2,11/28/2021 23:32,,,,
8,successful,8,11/29/2021 7:42,,,,
8,failed,0,11/29/2021 7:42,,,,
8,successful,3,11/29/2021 10:24,,,,
8,failed,5,11/29/2021 10:24,,,,
12,successful,10,11/29/2021 20:23,,,,
12,failed,2,11/29/2021 20:23,,,,
10,successful,3,11/30/2021 8:23,,,,
10,failed,7,11/30/2021 8:23,,,,
8,successful,8,11/30/2021 20:23,,,,
8,failed,0,11/30/2021 20:23,,,,
9,successful,6,12/1/2021 8:23,,,,
9,failed,4,12/1/2021 8:23,,,,
9,successful,0,12/1/2021 20:23,,,,
9,failed,9,12/1/2021 20:23,,,,
9,successful,6,12/2/2021 7:41,,,,
9,failed,4,12/2/2021 7:41,,,,
9,successful,0,12/3/2021 19:41,,,,
9,failed,9,12/3/2021 19:41,,,,
9,successful,9,12/5/2021 7:41,,,,
9,failed,0,12/5/2021 7:41,,,,
9,successful,6,12/7/2021 19:41,,,,
9,failed,3,12/7/2021 19:41,,,,
9,successful,9,12/10/2021 20:49,,,,
9,failed,0,12/10/2021 20:49,,,,
9,successful,9,12/12/2021 21:06,,,,
9,failed,0,12/12/2021 21:06,,,,
9,successful,9,12/14/2021 9:09,,,,
9,failed,0,12/14/2021 9:09,,,,
8,successful,7,12/15/2021 10:24,,,,
8,failed,1,12/15/2021 10:24,,,,
12,successful,10,12/16/2021 20:23,,,,
12,failed,2,12/16/2021 20:23,,,,
11,successful,10,12/18/2021 10:23,,,,
11,failed,1,12/18/2021 10:23,,,,
10,successful,3,12/20/2021 8:29,,,,
10,failed,7,12/20/2021 8:29,,,,
14,successful,5,12/22/2021 8:23,,,,
14,failed,9,12/22/2021 8:23,,,,
17,successful,10,12/23/2021 9:33,,,,
17,failed,7,12/23/2021 9:33,,,,
10,successful,10,12/24/2021 21:35,,,,
10,failed,0,12/24/2021 21:35,,,,
17,successful,12,12/25/2021 19:13,,,,
17,failed,5,12/25/2021 19:13,,,,
10,successful,10,12/25/2021 21:38,,,,
10,failed,0,12/25/2021 21:38,,,,
10,successful,10,12/25/2021 22:39,,,,
10,failed,0,12/25/2021 22:39,,,,
10,successful,10,12/25/2021 23:44,,,, 
10,failed,0,12/25/2021 23:44,,,,
10,successful,9,12/26/2021 3:12,,,,
10,failed,1,12/26/2021 3:12,,,,
10,successful,10,12/26/2021 7:31,,,,
10,failed,0,12/26/2021 7:31,,,,
10,successful,10,12/26/2021 13:54,,,,
10,failed,0,12/26/2021 13:54,,,,
10,successful,10,12/27/2021 19:14,,,,
10,failed,0,12/27/2021 19:14,,,,
10,successful,10,12/28/2021 21:04,,,,
10,failed,0,12/28/2021 21:04,,,,
10,successful,10,12/29/2021 21:07,,,,
10,failed,0,12/29/2021 21:07,,,,
10,successful,8,1/1/2022 21:10,,,,
10,failed,2,1/1/2022 21:10,,,,
10,successful,10,1/5/2022 9:29,,,,
10,failed,0,1/5/2022 9:29,,,,
14,successful,14,1/11/2022 9:30,,,,
14,failed,0,1/11/2022 9:30,,,,
14,successful,14,1/15/2022 12:31,,,,
14,failed,0,1/15/2022 12:31,,,,
14,successful,14,1/18/2022 12:36,,,,
14,failed,0,1/18/2022 12:36,,,,
14,successful,12,1/22/2022 14:06,,,,
14,failed,2,1/22/2022 14:06,,,,
2,successful,0,2022-04-20 17:58
2,failed,2,2022-04-20 17:58
2,successful,0,2022-04-21 13:16
2,failed,2,2022-04-21 13:16
2,successful,0,2022-04-21 13:30
2,failed,2,2022-04-21 13:30
4,successful,2,2022-04-21 13:34
4,failed,2,2022-04-21 13:34
2,successful,2,2022-04-21 13:41
2,failed,0,2022-04-21 13:41
2,successful,2,2022-04-21 13:44
2,failed,0,2022-04-21 13:44
3,successful,2,2022-04-21 13:45
3,failed,1,2022-04-21 13:45
3,successful,2,2022-04-21 13:48
3,failed,1,2022-04-21 13:48
2,successful,2,2022-04-21 13:49
2,failed,0,2022-04-21 13:49
4,successful,2,2022-04-21 13:54
4,failed,2,2022-04-21 13:54
2,successful,2,2022-04-21 13:56
2,failed,0,2022-04-21 13:56
2,successful,2,2022-04-21 14:05
2,failed,0,2022-04-21 14:05
9,successful,9,2022-05-05 00:03
9,failed,0,2022-05-05 00:03
18,successful,9,2022-05-05 00:11
18,failed,0,2022-05-05 00:11
18,successful,9,2022-05-05 00:13
18,failed,9,2022-05-05 00:13
18,successful,9,2022-05-05 00:13
18,failed,9,2022-05-05 00:13
18,successful,9,2022-05-05 00:18
18,failed,9,2022-05-05 00:18
9,successful,9,2022-05-05 00:20
9,failed,0,2022-05-05 00:20
18,successful,9,2022-05-05 00:22
18,failed,9,2022-05-05 00:22
9,successful,9,2022-05-05 00:22
9,failed,0,2022-05-05 00:22
9,successful,9,2022-05-05 00:25
9,failed,0,2022-05-05 00:25
9,successful,9,2022-05-05 00:30
9,failed,0,2022-05-05 00:30
9,successful,9,2022-05-05 00:33
9,failed,0,2022-05-05 00:33
9,successful,9,2022-05-05 00:37
9,failed,0,2022-05-05 00:37
9,successful,9,2022-05-05 00:40
9,failed,0,2022-05-05 00:40
9,successful,9,2022-05-05 00:44
9,failed,0,2022-05-05 00:44
18,successful,9,2022-05-05 00:49
18,failed,9,2022-05-05 00:49
18,successful,9,2022-05-05 00:53
18,failed,9,2022-05-05 00:53
18,successful,9,2022-05-05 00:54
18,failed,9,2022-05-05 00:54
18,successful,9,2022-05-05 00:56
18,failed,9,2022-05-05 00:56
10,successful,9,2022-05-05 01:00
10,failed,1,2022-05-05 01:00
18,successful,9,2022-05-05 01:01
18,failed,9,2022-05-05 01:01
18,successful,9,2022-05-05 01:03
18,failed,9,2022-05-05 01:03
Hosts,Status,CountDate
18,successful,9,2022-05-05 01:18
18,failed,9,2022-05-05 01:18
Hosts,Status,CountDate
18,successful,9,2022-05-05 01:19
18,failed,9,2022-05-05 01:19
Hosts,Status,CountDate
9,successful,9,2022-05-05 01:20
9,failed,0,2022-05-05 01:20
Hosts,Status,CountDate
9,successful,9,2022-05-05 01:22
9,failed,0,2022-05-05 01:22
Hosts,Status,CountDate
9,successful,9,2022-05-05 20:51
9,failed,0,2022-05-05 20:51
Hosts,Status,CountDate
18,successful,9,2022-05-05 20:57
18,failed,9,2022-05-05 20:57
Hosts,Status,CountDate
9,successful,9,2022-05-05 20:59
9,failed,0,2022-05-05 20:59
Hosts,Status,CountDate
18,successful,9,2022-05-05 21:02
18,failed,9,2022-05-05 21:02
Hosts,Status,CountDate
18,successful,9,2022-05-05 21:04
18,failed,9,2022-05-05 21:04
Hosts,Status,CountDate
9,successful,9,2022-05-05 21:11
9,failed,0,2022-05-05 21:11
